{"cameraMode":{"drawMode":0,"name":"Shaded","section":"Shading Mode"},"sceneLighting":true,"audioPlay":false,"sceneViewState":{"showFog":true,"showMaterialUpdate":false,"showSkybox":true,"showFlares":true,"showImageEffects":true,"showParticleSystems":true},"in2DMode":false,"pivot":{"x":0.8835468292236328,"y":1.0615968704223633,"z":-1.4776296615600587},"rotation":{"x":-0.06919946521520615,"y":0.9198849201202393,"z":-0.18916217982769013,"w":-0.33651304244995119},"size":10.0,"orthographic":false}